site,version,link
https://www.49dollaridahoregisteredagent.com/wp-login.php,4.8.14,"https://www.49dollaridahoregisteredagent.com/wp-admin/load-styles.php?c=1&dir=ltr&load%5B%5D=dashicons,buttons,forms,l10n,login&ver=4.8.14"
https://www.49dollarmontanaregisteredagent.com/wp-login.php,4.8.14,"https://www.49dollarmontanaregisteredagent.com/wp-admin/load-styles.php?c=0&dir=ltr&load%5B%5D=dashicons,buttons,forms,l10n,login&ver=4.8.14"
https://www.aaacorpservice.com/wp-login.php,,Site does not exist
https://www.activefilings.com/wp-login.php,Bruh no idea,no link
https://www.agentprocessing.com/wp-login.php,Bruh no idea,no link
https://www.alabamaregisteredagent.com/wp-login.php,4.8.14,"https://www.alabamaregisteredagent.com/wp-admin/load-styles.php?c=1&dir=ltr&load%5B%5D=dashicons,buttons,forms,l10n,login&ver=4.8.14"
https://www.alaskaregisteredagent.com/wp-login.php,4.8.14,"https://www.alaskaregisteredagent.com/wp-admin/load-styles.php?c=1&dir=ltr&load%5B%5D=dashicons,buttons,forms,l10n,login&ver=4.8.14"
https://www.aregisteredagent.com/wp-login.php,4.8.2,"https://www.aregisteredagent.com/wp-admin/load-styles.php?c=1&dir=ltr&load%5B%5D=dashicons,buttons,forms,l10n,login&ver=4.8.2"
https://www.arizonaregisteredagent.com/wp-login.php,4.8.14,"https://www.arizonaregisteredagent.com/wp-admin/load-styles.php?c=1&dir=ltr&load%5B%5D=dashicons,buttons,forms,l10n,login&ver=4.8.14"
https://www.arizonastatutoryagent.net/wp-login.php,4.8.14,"https://www.arizonastatutoryagent.net/wp-admin/load-styles.php?c=1&dir=ltr&load%5B%5D=dashicons,buttons,forms,l10n,login&ver=4.8.14"
https://www.arkansasregisteredagent.com/wp-login.php,4.8.14,"https://www.arkansasregisteredagent.com/wp-admin/load-styles.php?c=1&dir=ltr&load%5B%5D=dashicons,buttons,forms,l10n,login&ver=4.8.14"
https://www.awesomewyomingregisteredagent.com/wp-login.php,4.8.14,"https://www.awesomewyomingregisteredagent.com/wp-admin/load-styles.php?c=0&dir=ltr&load%5B%5D=dashicons,buttons,forms,l10n,login&ver=4.8.14"
https://www.beincorporated.com/wp-login.php,5.4.2,https://www.beincorporated.com/wp-admin/css/login.min.css?ver=5.4.2
https://www.bestdelawareregisteredagents.com/wp-login.php,4.9.4,"https://www.bestdelawareregisteredagents.com/wp-admin/load-styles.php?c=1&dir=ltr&load%5B%5D=dashicons,buttons,forms,l10n,login&ver=4.9.4"
https://www.bestwyomingregisteredagent.com/wp-login.php,4.8.14,"https://www.bestwyomingregisteredagent.com/wp-admin/load-styles.php?c=0&dir=ltr&load%5B%5D=dashicons,buttons,forms,l10n,login&ver=4.8.14"
https://www.boc-3.com/wp-login.php,,Site does not exist
https://www.california-registered-agent.net/wp-login.php,4.8.14,"https://www.california-registered-agent.net/wp-admin/load-styles.php?c=1&dir=ltr&load%5B%5D=dashicons,buttons,forms,l10n,login&ver=4.8.14"
https://www.californiaagentforserviceofprocess.com/wp-login.php,4.8.14,"https://www.californiaagentforserviceofprocess.com/wp-admin/load-styles.php?c=1&dir=ltr&load%5B%5D=dashicons,buttons,forms,l10n,login&ver=4.8.14"
https://www.californiaregisteredagent.com/wp-login.php,4.8.14,"https://www.californiaregisteredagent.com/wp-admin/load-styles.php?c=0&dir=ltr&load%5B%5D=dashicons,buttons,forms,l10n,login&ver=4.8.14"
https://www.californiaregisteredagent.net/wp-login.php,4.8.14,"https://www.californiaregisteredagent.net/wp-admin/load-styles.php?c=0&dir=ltr&load%5B%5D=dashicons,buttons,forms,l10n,login&ver=4.8.14"
https://www.californiaregisteredagents.net/wp-login.php,4.8.14,"https://www.californiaregisteredagents.net/wp-admin/load-styles.php?c=0&dir=ltr&load%5B%5D=dashicons,buttons,forms,l10n,login&ver=4.8.14"
https://www.coloradoregisteredagent.com/wp-login.php,5.4.2,https://www.coloradoregisteredagent.com/wp-admin/css/login.min.css?ver=5.4.2
https://www.columbiaregisteredagent.com/wp-login.php,,Site does not exist
https://www.commercialregisteredagent.com/wp-login.php,4.8.14,"https://www.commercialregisteredagent.com/wp-admin/load-styles.php?c=1&dir=ltr&load%5B%5D=dashicons,buttons,forms,l10n,login&ver=4.8.14"
https://www.companykit.com/wp-login.php,,Site does not exist
https://www.connecticutregisteredagent.com/wp-login.php,4.8.14,"https://www.connecticutregisteredagent.com/wp-admin/load-styles.php?c=1&dir=ltr&load%5B%5D=dashicons,buttons,forms,l10n,login&ver=4.8.14"
https://www.corp.us/wp-login.php,4.6.1,"https://www.corp.us/wp-admin/load-styles.php?c=1&dir=ltr&load%5B%5D=dashicons,buttons,forms,l10n,login&ver=4.6.19"
https://www.corpkitnw.com/wp-login.php,4.8.14,"https://www.corpkitnw.com/wp-admin/load-styles.php?c=0&dir=ltr&load%5B%5D=dashicons,buttons,forms,l10n,login&ver=4.8.14"
https://www.corporatefilings.com/wp-login.php,,Site does not exist
https://www.corporatefilingsllc.com/wp-login.php,4.7.1,"https://www.corporatefilingsllc.com/wp-admin/load-styles.php?c=0&dir=ltr&load%5B%5D=dashicons,buttons,forms,l10n,login&ver=4.7.18"
https://www.corporatetools.com/wp-login.php,5.4,https://www.corporatetools.com/wp-admin/css/login.min.css?ver=5.4
https://www.corporationregisteredagent.com/wp-login.php,4.8.2,"https://www.corporationregisteredagent.com/wp-admin/load-styles.php?c=1&dir=ltr&load%5B%5D=dashicons,buttons,forms,l10n,login&ver=4.8.2"
https://www.delaware.com/wp-login.php,,Site does not exist
https://www.delawarecompanyhouse.com/wp-login.php,4.8.14,"https://www.delawarecompanyhouse.com/wp-admin/load-styles.php?c=0&dir=ltr&load%5B%5D=dashicons,buttons,forms,l10n,login&ver=4.8.14"
https://www.delawareregisteredagent.com/wp-login.php,4.8.14,"https://www.delawareregisteredagent.com/wp-admin/load-styles.php?c=0&dir=ltr&load%5B%5D=dashicons,buttons,forms,l10n,login&ver=4.8.14"
https://www.delawareregisteredagentservice.com/wp-login.php,4.8.14,"https://www.delawareregisteredagentservice.com/wp-admin/load-styles.php?c=0&dir=ltr&load%5B%5D=dashicons,buttons,forms,l10n,login&ver=4.8.14"
https://www.ein-irs.com/wp-login.php,,Site does not exist
https://www.filingsmadeeasy.com/wp-login.php,4.9.1,"https://www.filingsmadeeasy.com/wp-admin/load-styles.php?c=0&dir=ltr&load%5B%5D=dashicons,buttons,forms,l10n,login&ver=4.9.15"
https://www.floridaregisteredagent.com/wp-login.php,4.8.14,"https://www.floridaregisteredagent.com/wp-admin/load-styles.php?c=0&dir=ltr&load%5B%5D=dashicons,buttons,forms,l10n,login&ver=4.8.14"
https://www.floridaregisteredagent.net/wp-login.php,4.9.3,"https://www.floridaregisteredagent.net/wp-admin/load-styles.php?c=1&dir=ltr&load%5B%5D=dashicons,buttons,forms,l10n,login&ver=4.9.3"
https://www.form-a-corp.com/wp-login.php,4.9.6,"https://www.form-a-corp.com/wp-admin/load-styles.php?c=1&dir=ltr&load%5B%5D=dashicons,buttons,forms,l10n,login&ver=4.9.6"
https://www.formed.com/wp-login.php,4.7.3,"https://www.formed.com/wp-admin/load-styles.php?c=1&dir=ltr&load%5B%5D=dashicons,buttons,forms,l10n,login&ver=4.7.3"
https://www.forms.com/wp-login.php,,Site does not exist
https://www.georgiaregisteredagent.com/wp-login.php,4.8.14,"https://www.georgiaregisteredagent.com/wp-admin/load-styles.php?c=1&dir=ltr&load%5B%5D=dashicons,buttons,forms,l10n,login&ver=4.8.14"
https://www.hawaiiregisteredagent.com/wp-login.php,4.8.14,"https://www.hawaiiregisteredagent.com/wp-admin/load-styles.php?c=1&dir=ltr&load%5B%5D=dashicons,buttons,forms,l10n,login&ver=4.8.14"
https://www.howtostartabusiness.org/wp-login.php,4.9.1,"https://www.howtostartabusiness.org/wp-admin/load-styles.php?c=1&dir=ltr&load%5B%5D=dashicons,buttons,forms,l10n,login&ver=4.9.15"
https://www.idahoregisteredagent.com/wp-login.php,5.0.1,https://www.idahoregisteredagent.com/wp-admin/css/login.min.css?ver=5.0.10
https://www.illinoisregisteredagent.net/wp-login.php,4.8.14,"https://www.illinoisregisteredagent.net/wp-admin/load-styles.php?c=0&dir=ltr&load%5B%5D=dashicons,buttons,forms,l10n,login&ver=4.8.14"
https://www.incorporate.me/wp-login.php,Bruh no idea,no link
https://www.incorporatefast.com/wp-login.php,4.8.14,"https://www.incorporatefast.com/wp-admin/load-styles.php?c=0&dir=ltr&load%5B%5D=dashicons,buttons,forms,l10n,login&ver=4.8.14"
https://www.incorporation.org/wp-login.php,,Site does not exist
https://www.incorporationservice.net/wp-login.php,,Site does not exist
https://www.indianaregisteredagent.com/wp-login.php,4.8.14,"https://www.indianaregisteredagent.com/wp-admin/load-styles.php?c=1&dir=ltr&load%5B%5D=dashicons,buttons,forms,l10n,login&ver=4.8.14"
https://www.iowaregisteredagent.com/wp-login.php,4.8.14,"https://www.iowaregisteredagent.com/wp-admin/load-styles.php?c=1&dir=ltr&load%5B%5D=dashicons,buttons,forms,l10n,login&ver=4.8.14"
https://www.kansasregisteredagent.com/wp-login.php,4.8.14,"https://www.kansasregisteredagent.com/wp-admin/load-styles.php?c=1&dir=ltr&load%5B%5D=dashicons,buttons,forms,l10n,login&ver=4.8.14"
https://www.kentuckyregisteredagent.com/wp-login.php,4.8.14,"https://www.kentuckyregisteredagent.com/wp-admin/load-styles.php?c=1&dir=ltr&load%5B%5D=dashicons,buttons,forms,l10n,login&ver=4.8.14"
https://www.ksregisteredagent.com/wp-login.php,,Site does not exist
https://www.legalregisteredagentservices.com/wp-login.php,4.8.14,"https://www.legalregisteredagentservices.com/wp-admin/load-styles.php?c=1&dir=ltr&load%5B%5D=dashicons,buttons,forms,l10n,login&ver=4.8.14"
https://www.limitedliabilitycompanycenter.com /wp-login.php,Bruh no idea,no link
https://www.llc-registeredagent.com/wp-login.php,4.8.2,"https://www.llc-registeredagent.com/wp-admin/load-styles.php?c=1&dir=ltr&load%5B%5D=dashicons,buttons,forms,l10n,login&ver=4.8.2"
https://www.llcguardian.com/wp-login.php,4.9.1,"https://www.llcguardian.com/wp-admin/load-styles.php?c=1&dir=ltr&load%5B%5D=dashicons,buttons,forms,l10n,login&ver=4.9.1"
https://www.llchouse.com/wp-login.php,,Site does not exist
https://www.llconline.com/wp-login.php,Bruh no idea,no link
https://www.louisianaregisteredagent.com/wp-login.php,5.2,https://www.louisianaregisteredagent.com/wp-admin/css/login.min.css?ver=5.2.7
https://www.maineregisteredagent.com/wp-login.php,4.9.3,"https://www.maineregisteredagent.com/wp-admin/load-styles.php?c=0&dir=ltr&load%5B%5D=dashicons,buttons,forms,l10n,login&ver=4.9.3"
https://www.marylandregisteredagent.com/wp-login.php,4.8.14,"https://www.marylandregisteredagent.com/wp-admin/load-styles.php?c=1&dir=ltr&load%5B%5D=dashicons,buttons,forms,l10n,login&ver=4.8.14"
https://www.marylandresidentagent.com/wp-login.php,4.8.14,"https://www.marylandresidentagent.com/wp-admin/load-styles.php?c=1&dir=ltr&load%5B%5D=dashicons,buttons,forms,l10n,login&ver=4.8.14"
https://www.massachusettsregisteredagent.com/wp-login.php,4.8.14,"https://www.massachusettsregisteredagent.com/wp-admin/load-styles.php?c=1&dir=ltr&load%5B%5D=dashicons,buttons,forms,l10n,login&ver=4.8.14"
https://www.michiganregisteredagent.com/wp-login.php,4.8.14,"https://www.michiganregisteredagent.com/wp-admin/load-styles.php?c=1&dir=ltr&load%5B%5D=dashicons,buttons,forms,l10n,login&ver=4.8.14"
https://www.minnesotaregisteredagent.com/wp-login.php,4.8.14,"https://www.minnesotaregisteredagent.com/wp-admin/load-styles.php?c=1&dir=ltr&load%5B%5D=dashicons,buttons,forms,l10n,login&ver=4.8.14"
https://www.mississippiregisteredagent.com/wp-login.php,4.8.14,"https://www.mississippiregisteredagent.com/wp-admin/load-styles.php?c=1&dir=ltr&load%5B%5D=dashicons,buttons,forms,l10n,login&ver=4.8.14"
https://www.missouriregisteredagent.com/wp-login.php,4.8,"https://www.missouriregisteredagent.com/wp-admin/load-styles.php?c=0&dir=ltr&load%5B%5D=dashicons,buttons,forms,l10n,login&ver=4.8"
https://www.montanaoffices.com/wp-login.php,4.8,"https://www.montanaoffices.com/wp-admin/load-styles.php?c=0&dir=ltr&load%5B%5D=dashicons,buttons,forms,l10n,login&ver=4.8"
https://www.montanaregisteredagent.net/wp-login.php,4.8.14,"https://www.montanaregisteredagent.net/wp-admin/load-styles.php?c=0&dir=ltr&load%5B%5D=dashicons,buttons,forms,l10n,login&ver=4.8.14"
https://www.myrv.us/wp-login.php,,Site does not exist
https://www.nationalregisteredagentservice.com/wp-login.php,4.8.2,"https://www.nationalregisteredagentservice.com/wp-admin/load-styles.php?c=1&dir=ltr&load%5B%5D=dashicons,buttons,forms,l10n,login&ver=4.8.2"
https://www.nebraskaregisteredagent.com/wp-login.php,4.8.14,"https://www.nebraskaregisteredagent.com/wp-admin/load-styles.php?c=1&dir=ltr&load%5B%5D=dashicons,buttons,forms,l10n,login&ver=4.8.14"
https://www.nevadaresidentagent.com/wp-login.php,5.4.2,https://www.nevadaresidentagent.com/wp-admin/css/login.min.css?ver=5.4.2
https://www.newcompany.com/wp-login.php,Bruh no idea,no link
https://www.newhampshireregisteredagent.com/wp-login.php,4.8.14,"https://www.newhampshireregisteredagent.com/wp-admin/load-styles.php?c=1&dir=ltr&load%5B%5D=dashicons,buttons,forms,l10n,login&ver=4.8.14"
https://www.newjerseyregisteredagent.com/wp-login.php,4.8.14,"https://www.newjerseyregisteredagent.com/wp-admin/load-styles.php?c=1&dir=ltr&load%5B%5D=dashicons,buttons,forms,l10n,login&ver=4.8.14"
https://www.newmexicoregisteredagent.com/wp-login.php,4.8.14,"https://www.newmexicoregisteredagent.com/wp-admin/load-styles.php?c=1&dir=ltr&load%5B%5D=dashicons,buttons,forms,l10n,login&ver=4.8.14"
https://www.newyorkregisteredagent.com/wp-login.php,5.3,https://www.newyorkregisteredagent.com/wp-admin/css/login.min.css?ver=5.3.4
https://www.northcarolinaregisteredagent.net/wp-login.php,4.8.14,"https://www.northcarolinaregisteredagent.net/wp-admin/load-styles.php?c=1&dir=ltr&load%5B%5D=dashicons,buttons,forms,l10n,login&ver=4.8.14"
https://www.northdakotaregisteredagent.com/wp-login.php,4.8.14,"https://www.northdakotaregisteredagent.com/wp-admin/load-styles.php?c=0&dir=ltr&load%5B%5D=dashicons,buttons,forms,l10n,login&ver=4.8.14"
https://www.northdakotaregisteredagent.net/wp-login.php,4.8.14,"https://www.northdakotaregisteredagent.net/wp-admin/load-styles.php?c=1&dir=ltr&load%5B%5D=dashicons,buttons,forms,l10n,login&ver=4.8.14"
https://www.northwestregisteredagent.com/wp-login.php,5.1,https://www.northwestregisteredagent.com/wp-admin/css/login.min.css?ver=5.1.6
https://www.ohioregisteredagent.com/wp-login.php,4.8.14,"https://www.ohioregisteredagent.com/wp-admin/load-styles.php?c=1&dir=ltr&load%5B%5D=dashicons,buttons,forms,l10n,login&ver=4.8.14"
https://www.ohiostatutoryagent.com/wp-login.php,4.8.14,"https://www.ohiostatutoryagent.com/wp-admin/load-styles.php?c=1&dir=ltr&load%5B%5D=dashicons,buttons,forms,l10n,login&ver=4.8.14"
https://www.oklahomaregisteredagent.com/wp-login.php,4.8.14,"https://www.oklahomaregisteredagent.com/wp-admin/load-styles.php?c=1&dir=ltr&load%5B%5D=dashicons,buttons,forms,l10n,login&ver=4.8.14"
https://www.oregonregisteredagent.com/wp-login.php,4.8.14,"https://www.oregonregisteredagent.com/wp-admin/load-styles.php?c=1&dir=ltr&load%5B%5D=dashicons,buttons,forms,l10n,login&ver=4.8.14"
https://www.pacommercialregisteredofficeprovider.com/wp-login.php,4.8.14,"https://www.pacommercialregisteredofficeprovider.com/wp-admin/load-styles.php?c=1&dir=ltr&load%5B%5D=dashicons,buttons,forms,l10n,login&ver=4.8.14"
https://www.pennsylvaniaregisteredagent.com/wp-login.php,4.8.14,"https://www.pennsylvaniaregisteredagent.com/wp-admin/load-styles.php?c=1&dir=ltr&load%5B%5D=dashicons,buttons,forms,l10n,login&ver=4.8.14"
https://www.processagent.com/wp-login.php,4.8.14,"https://www.processagent.com/wp-admin/load-styles.php?c=1&dir=ltr&load%5B%5D=dashicons,buttons,forms,l10n,login&ver=4.8.14"
https://www.psrv.com/wp-login.php,,Site does not exist
https://www.registered-agent.net/wp-login.php,4.8.2,"https://www.registered-agent.net/wp-admin/load-styles.php?c=1&dir=ltr&load%5B%5D=dashicons,buttons,forms,l10n,login&ver=4.8.2"
https://www.registeredagentflorida.com/wp-login.php,4.9.4,"https://www.registeredagentflorida.com/wp-admin/load-styles.php?c=1&dir=ltr&load%5B%5D=dashicons,buttons,forms,l10n,login&ver=4.9.4"
https://www.registeredagentoffice.com/wp-login.php,4.8.2,"https://www.registeredagentoffice.com/wp-admin/load-styles.php?c=1&dir=ltr&load%5B%5D=dashicons,buttons,forms,l10n,login&ver=4.8.2"
https://www.registeredagentservice.net/wp-login.php,4.8.2,"https://www.registeredagentservice.net/wp-admin/load-styles.php?c=1&dir=ltr&load%5B%5D=dashicons,buttons,forms,l10n,login&ver=4.8.2"
https://www.registeredagentsin[state].com/wp-login.php,,Site does not exist
https://www.registeredagentsinc.com/wp-login.php,4.9.3,"https://www.registeredagentsinc.com/wp-admin/load-styles.php?c=0&dir=ltr&load%5B%5D=dashicons,buttons,forms,l10n,login&ver=4.9.3"
https://www.residentagent.net/wp-login.php,4.8.14,"https://www.residentagent.net/wp-admin/load-styles.php?c=0&dir=ltr&load%5B%5D=dashicons,buttons,forms,l10n,login&ver=4.8.14"
https://www.rhodeislandregisteredagent.com/wp-login.php,4.8.14,"https://www.rhodeislandregisteredagent.com/wp-admin/load-styles.php?c=1&dir=ltr&load%5B%5D=dashicons,buttons,forms,l10n,login&ver=4.8.14"
https://www.rvmail.com/wp-login.php,5.2,https://www.rvmail.com/wp-admin/css/login.min.css?ver=5.2.7
https://www.sasquatchmail.com/wp-login.php,4.9.1,"https://www.sasquatchmail.com/wp-admin/load-styles.php?c=1&dir=ltr&load%5B%5D=dashicons,buttons,forms,l10n,login&ver=4.9.15"
https://www.southcarolinaregisteredagent.com/wp-login.php,4.8.14,"https://www.southcarolinaregisteredagent.com/wp-admin/load-styles.php?c=1&dir=ltr&load%5B%5D=dashicons,buttons,forms,l10n,login&ver=4.8.14"
https://www.southdakotaregisteredagent.com/wp-login.php,4.8.14,"https://www.southdakotaregisteredagent.com/wp-admin/load-styles.php?c=1&dir=ltr&load%5B%5D=dashicons,buttons,forms,l10n,login&ver=4.8.14"
https://www.speedy-incorporation.com/wp-login.php,5.0.1,https://speedy-incorporation.com/wp-admin/css/login.min.css?ver=5.0.10
https://www.startingabusiness.com/wp-login.php,5.0.1,http://www.startingabusiness.com/wp-admin/css/login.min.css?ver=5.0.10
https://www.startupbusiness.com/wp-login.php,Bruh no idea,no link
https://www.statutoryagent.com/wp-login.php,4.8.2,"https://www.statutoryagent.com/wp-admin/load-styles.php?c=1&dir=ltr&load%5B%5D=dashicons,buttons,forms,l10n,login&ver=4.8.2"
https://www.tennesseeregisteredagent.com/wp-login.php,4.8.14,"https://www.tennesseeregisteredagent.com/wp-admin/load-styles.php?c=1&dir=ltr&load%5B%5D=dashicons,buttons,forms,l10n,login&ver=4.8.14"
https://www.texasregisteredagent.net/wp-login.php,4.8.14,"https://www.texasregisteredagent.net/wp-admin/load-styles.php?c=1&dir=ltr&load%5B%5D=dashicons,buttons,forms,l10n,login&ver=4.8.14"
https://www.texasregisteredagents.com/wp-login.php,4.8.14,"https://www.texasregisteredagents.com/wp-admin/load-styles.php?c=0&dir=ltr&load%5B%5D=dashicons,buttons,forms,l10n,login&ver=4.8.14"
https://www.travelersmailexpress.com/wp-login.php,,Site does not exist
https://www.twobarrels.com/wp-login.php,4.8.3,"https://www.twobarrels.com/wp-admin/load-styles.php?c=1&dir=ltr&load%5B%5D=dashicons,buttons,forms,l10n,login&ver=4.8.3"
https://www.utahregisteredagent.com/wp-login.php,4.8.14,"https://www.utahregisteredagent.com/wp-admin/load-styles.php?c=1&dir=ltr&load%5B%5D=dashicons,buttons,forms,l10n,login&ver=4.8.14"
https://www.verifiedbusiness.com/wp-login.php,4.8.14,"https://www.verifiedbusiness.com/wp-admin/load-styles.php?c=0&dir=ltr&load%5B%5D=dashicons,buttons,forms,l10n,login&ver=4.8.14"
https://www.vermontregisteredagent.com/wp-login.php,4.8.14,"https://www.vermontregisteredagent.com/wp-admin/load-styles.php?c=1&dir=ltr&load%5B%5D=dashicons,buttons,forms,l10n,login&ver=4.8.14"
https://www.virginia-registeredagent.net/wp-login.php,4.8.14,"https://www.virginia-registeredagent.net/wp-admin/load-styles.php?c=1&dir=ltr&load%5B%5D=dashicons,buttons,forms,l10n,login&ver=4.8.14"
https://www.virginiaregisteredagent.com/wp-login.php,4.8.14,"https://www.virginiaregisteredagent.com/wp-admin/load-styles.php?c=1&dir=ltr&load%5B%5D=dashicons,buttons,forms,l10n,login&ver=4.8.14"
https://www.washingtondcregisteredagent.com/wp-login.php,4.8.14,"https://www.washingtondcregisteredagent.com/wp-admin/load-styles.php?c=1&dir=ltr&load%5B%5D=dashicons,buttons,forms,l10n,login&ver=4.8.14"
https://www.washingtonllcs.com/wp-login.php,,Site does not exist
https://www.washingtonregisteredagent.com/wp-login.php,4.8.14,"https://www.washingtonregisteredagent.com/wp-admin/load-styles.php?c=0&dir=ltr&load%5B%5D=dashicons,buttons,forms,l10n,login&ver=4.8.14"
https://www.washingtonregisteredagent.io/wp-login.php,4.7.1,"https://washingtonregisteredagent.io/wp-admin/load-styles.php?c=1&dir=ltr&load%5B%5D=dashicons,buttons,forms,l10n,login&ver=4.7.18"
https://www.washingtonregisteredagent.net/wp-login.php,4.8,"https://www.washingtonregisteredagent.net/wp-admin/load-styles.php?c=0&dir=ltr&load%5B%5D=dashicons,buttons,forms,l10n,login&ver=4.8"
https://www.westvirginiaregisteredagent.com/wp-login.php,4.8.14,"https://www.westvirginiaregisteredagent.com/wp-admin/load-styles.php?c=1&dir=ltr&load%5B%5D=dashicons,buttons,forms,l10n,login&ver=4.8.14"
https://www.wisconsinregisteredagent.net/wp-login.php,4.8.14,"https://www.wisconsinregisteredagent.net/wp-admin/load-styles.php?c=1&dir=ltr&load%5B%5D=dashicons,buttons,forms,l10n,login&ver=4.8.14"
https://www.wyoming.biz/wp-login.php,,Site does not exist
https://www.wyomingagents.com/wp-login.php,4.8.14,"https://www.wyomingagents.com/wp-admin/load-styles.php?c=0&dir=ltr&load%5B%5D=dashicons,buttons,forms,l10n,login&ver=4.8.14"
https://www.wyomingcorporations.com/wp-login.php,5.4.2,https://www.wyomingcorporations.com/wp-admin/css/login.min.css?ver=5.4.2
https://www.wyomingllcs.com/wp-login.php,4.9.3,"https://www.wyomingllcs.com/wp-admin/load-styles.php?c=0&dir=ltr&load%5B%5D=dashicons,buttons,forms,l10n,login&ver=4.9.3"
https://www.wyomingmailforwarding.com/wp-login.php,4.8.14,"https://www.wyomingmailforwarding.com/wp-admin/load-styles.php?c=0&dir=ltr&load%5B%5D=dashicons,buttons,forms,l10n,login&ver=4.8.14"
https://www.wyregisteredagent.net/wp-login.php,4.8.14,"https://www.wyregisteredagent.net/wp-admin/load-styles.php?c=0&dir=ltr&load%5B%5D=dashicons,buttons,forms,l10n,login&ver=4.8.14"
https://www.coloradollcs.com/wp-login.php,5.3,https://www.coloradollcs.com/wp-admin/css/login.min.css?ver=5.3.4
https://www.lawyeragents.com/wp-login.php,5.3,https://www.lawyeragents.com/wp-admin/css/login.min.css?ver=5.3.4